{
  "resourceType": "Observation",
  "id": "Assessment-Hosp-Admission-SelfCare-Ob-37",
  "meta": {
    "profile": [
      "https://paciowg.github.io/functional-status-ig/StructureDefinition/pacio-fs"
    ]
  },
  "text": {
    "status": "generated",
    "div": "<div xmlns=\"http://www.w3.org/1999/xhtml\"><p><b>Generated Narrative</b></p><p><b>id</b>: Assessment-Hosp-Admission-SelfCare-Ob-37</p><p><b>meta</b>: </p><p></p><p><b>code</b>: <span title=\"Codes: {http://loinc.org 83220-4}\">Putting on/taking off footwear</span></p><p><b>subject</b>: <a href=\"Patient-patientBSJ1.html\">Generated Summary: id: patientBSJ1; Betsy Smith-Johnson </a></p><p><b>effective</b>: Apr 2, 2020, 11:00:00 AM</p><p><b>performer</b>: </p><ul><li><a href=\"Practitioner-Practitioner-SallySmith.html\">Generated Summary: id: Practitioner-SallySmith; active; Sally Smith ; gender: female</a></li><li><a href=\"PractitionerRole-Role-PT.html\">Generated Summary: id: Role-PT; active; <span title=\"Codes: {http://snomed.info/sct 36682004}\">Physiotherapist</span></a></li><li><a href=\"Organization-Org-01.html\">Organization. Generated Summary: id: Org-01; name: San Antonio General Hospital</a></li></ul><p><b>value</b>: <span title=\"Codes: {http://loinc.org LA26735-3}\">Not Attempted</span></p><p><b>derivedFrom</b>: <a href=\"QuestionnaireResponse-QResponse-Hosp-Admission-SelfCare.html\">Generated Summary: id: QResponse-Hosp-Admission-SelfCare; questionnaire: https://api.logicahealth.org/PACIO/open/Questionnaire/MDS3.0-NC-1.17; status: completed; authored: Apr 2, 2020, 11:00:00 AM</a></p><blockquote><p><b>component</b></p><p><b>code</b>: <span title=\"Codes: {http://loinc.org 83233-7}\">Self-Care - Admission Performance</span></p><p><b>value</b>: <span title=\"Codes: {http://loinc.org LA26735-3}\">Not Attempted</span></p></blockquote><blockquote><p><b>component</b></p><p><b>code</b>: <span title=\"Codes: {http://loinc.org 83254-3}\">Self-Care - Discharge Performance</span></p><p><b>value</b>: <span title=\"Codes: {http://loinc.org LA26735-3}\">Not Attempted</span></p></blockquote></div>"
  },
  "extension": [
    {
      "url": "http://hl7.org/fhir/StructureDefinition/event-location",
      "valueReference": {
        "reference": "Location/Org-Loc-01"
      }
    }
  ],
  "status": "final",
  "code": {
    "coding": [
      {
        "system": "http://loinc.org",
        "code": "83220-4",
        "display": "Putting on and taking off footwear - functional ability during 3D assessment period"
      }
    ],
    "text": "Putting on/taking off footwear"
  },
  "subject": {
    "reference": "Patient/patientBSJ1"
  },
  "effectiveDateTime": "2020-04-02T10:00:00-05:00",
  "performer": [
    {
      "reference": "Practitioner/Practitioner-SallySmith"
    },
    {
      "reference": "PractitionerRole/Role-PT"
    },
    {
      "reference": "Organization/Org-01",
      "display": "Organization"
    }
  ],
  "valueCodeableConcept": {
    "coding": [
      {
        "system": "http://loinc.org",
        "code": "LA26735-3",
        "display": "Not Attempted"
      }
    ],
    "text": "Not Attempted"
  },
  "derivedFrom": [
    {
      "reference": "QuestionnaireResponse/QResponse-Hosp-Admission-SelfCare"
    }
  ],
  "component": [
    {
      "code": {
        "coding": [
          {
            "system": "http://loinc.org",
            "code": "83233-7",
            "display": "Self-Care - Admission Performance"
          }
        ]
      },
      "valueCodeableConcept": {
        "coding": [
          {
            "system": "http://loinc.org",
            "code": "LA26735-3"
          }
        ],
        "text": "Not Attempted"
      }
    },
    {
      "code": {
        "coding": [
          {
            "system": "http://loinc.org",
            "code": "83254-3",
            "display": "Self-Care - Discharge Performance"
          }
        ]
      },
      "valueCodeableConcept": {
        "coding": [
          {
            "system": "http://loinc.org",
            "code": "LA26735-3"
          }
        ],
        "text": "Not Attempted"
      }
    }
  ]
}